Time Period,Bedfordshire,Cambridgeshire,Cleveland,Cumbria,Durham,East Yorkshire,Essex,Greater London,Greater London-East,Greater Manchester,Hertford,Isle of Wight,Isles of Scilly,Kent,Lancashire,Lincolnshire,Merseyside,Norfolk,North Yorkshire,Northumberland,South Yorkshire,Suffolk,Surrey,Tyne & Wear,West Sussex,West Yorkshire
January 1996,0,0,0,1,0,0,0,0,0,0,0,0,0,0,1,1,0,0,0,0,0,0,0,0,0,1
February 1996,0,0,0,0,0,0,0,0,0,0,0,0,0,0,0,2,0,0,0,0,0,0,0,0,0,0
March 1996,0,0,0,2,0,0,0,0,0,0,0,0,0,0,3,0,0,0,0,1,0,0,0,0,1,0
April 1996,0,1,0,1,0,0,0,0,0,0,0,0,0,0,2,0,0,0,0,1,0,0,1,0,0,0
May 1996,0,0,0,0,0,0,1,0,0,0,0,0,0,0,1,1,0,0,0,0,0,0,0,0,0,0
June 1996,0,0,0,0,0,0,0,0,0,0,0,0,0,0,0,0,0,0,0,0,0,0,0,0,0,0
July 1996,0,0,0,1,0,0,0,0,0,0,0,0,0,0,0,0,0,0,0,1,0,0,0,0,0,0
August 1996,0,0,0,0,0,0,0,0,0,0,0,0,0,0,0,0,0,0,0,0,0,0,0,0,0,0
September 1996,0,0,0,0,0,0,0,0,0,1,0,0,0,0,0,0,0,0,0,0,0,0,0,0,0,1
October 1996,1,0,0,0,0,0,0,0,0,0,0,0,0,0,0,0,0,0,0,0,0,0,0,0,0,0
November 1996,0,0,0,2,0,0,0,0,0,0,0,0,0,0,1,1,1,0,0,0,0,0,0,0,0,0
December 1996,1,0,0,1,0,0,0,0,0,0,0,0,0,0,0,0,0,0,0,0,0,0,0,0,0,0
January 1997,0,0,0,1,0,0,1,0,0,0,0,0,0,0,0,0,0,0,0,0,0,0,0,0,0,0
February 1997,0,0,0,1,0,1,0,0,0,0,0,0,0,0,0,1,0,0,0,0,0,0,0,0,0,0
March 1997,0,0,0,1,1,0,0,0,0,0,0,0,0,0,0,1,0,0,0,1,0,0,0,0,0,0
April 1997,0,0,0,3,0,1,0,0,0,0,0,0,0,0,0,0,0,0,0,0,0,0,0,0,0,1
May 1997,2,0,0,1,0,0,0,0,0,1,0,0,0,0,2,0,0,0,1,1,0,0,0,0,0,0
June 1997,0,0,0,0,0,0,0,0,0,0,0,0,0,0,0,0,0,0,0,0,0,0,0,0,0,0
July 1997,0,0,0,5,0,0,0,0,0,0,0,0,0,0,1,0,0,0,0,0,0,0,0,0,0,0
August 1997,0,0,0,0,0,0,0,0,0,0,0,0,0,0,1,0,0,0,1,0,0,0,0,0,0,0
September 1997,0,0,0,3,0,0,0,0,0,0,0,0,0,0,0,0,0,0,0,0,0,0,0,0,0,0
October 1997,0,0,0,0,0,0,0,0,0,0,0,0,0,0,0,0,0,0,0,0,0,0,0,1,0,0
November 1997,0,0,0,3,0,1,0,0,0,0,0,0,0,0,0,0,0,0,0,0,0,0,0,0,0,0
December 1997,0,0,2,0,0,0,0,0,0,0,0,0,0,0,0,0,0,0,0,1,0,0,0,0,0,0
January 1998,0,0,0,1,0,0,0,0,0,0,0,0,0,0,2,0,0,0,0,0,0,0,0,0,0,0
February 1998,0,0,0,2,0,0,0,0,1,1,1,0,0,1,1,0,0,0,0,1,0,0,0,0,0,0
March 1998,0,0,0,2,0,0,1,0,0,0,0,0,0,0,4,0,0,0,0,1,0,0,0,0,0,0
April 1998,0,0,0,1,0,1,0,0,0,1,0,0,0,0,2,0,0,0,0,1,0,0,0,0,0,0
May 1998,0,0,0,0,0,0,0,0,0,3,0,0,0,0,1,0,0,0,0,3,0,0,0,0,0,0
June 1998,0,0,0,0,0,0,1,0,0,1,1,0,0,0,7,0,0,0,0,0,0,0,0,0,0,0
July 1998,0,0,0,0,0,0,0,0,0,0,0,0,0,0,1,0,0,0,0,0,0,0,0,0,0,0
August 1998,0,0,0,2,0,0,0,0,0,0,1,0,0,0,0,0,0,0,0,0,0,0,0,0,0,1
September 1998,0,0,0,0,0,0,0,0,0,0,0,0,0,0,1,0,0,0,0,1,0,1,0,1,0,1
October 1998,0,0,0,0,0,0,1,0,0,0,0,0,0,0,0,1,0,0,1,0,1,0,0,0,0,0
November 1998,0,0,0,0,0,0,0,0,0,0,0,0,0,0,0,0,0,0,0,0,0,0,0,0,0,0
December 1998,0,0,0,0,0,0,0,0,0,0,0,0,0,0,0,0,0,0,0,0,0,0,0,0,0,0
January 1999,0,0,0,1,0,0,0,0,0,0,0,0,0,0,2,1,0,0,0,0,0,0,0,0,0,0
February 1999,0,0,0,1,0,0,0,0,0,1,0,0,0,0,0,2,0,0,0,0,0,0,0,0,0,0
March 1999,0,0,0,1,0,0,0,0,0,0,1,0,0,0,1,0,0,0,0,2,0,0,0,0,1,0
April 1999,0,0,0,2,0,0,0,0,0,0,0,0,0,0,0,0,0,0,0,1,0,0,0,0,0,0
May 1999,0,0,0,0,0,0,0,0,0,0,0,0,0,0,1,3,0,0,1,1,0,0,0,0,0,0
June 1999,0,0,0,0,0,1,0,0,0,0,0,1,0,0,0,3,0,0,1,0,0,0,0,0,0,0
July 1999,1,0,0,1,0,0,0,0,0,0,0,0,0,0,0,0,0,0,0,0,0,0,0,0,0,0
August 1999,0,0,0,2,1,0,0,0,0,0,0,0,0,0,0,0,0,0,0,4,0,0,1,0,0,0
September 1999,0,0,0,1,0,0,0,0,0,0,0,0,0,0,0,2,0,0,0,0,0,0,0,0,0,0
October 1999,0,0,0,0,1,0,0,0,0,0,0,0,0,0,0,0,0,0,0,0,0,0,0,0,0,0
November 1999,0,0,0,0,0,0,0,0,0,0,0,0,0,0,0,0,0,1,0,0,0,0,0,0,0,0
December 1999,0,0,0,0,0,0,0,0,0,0,0,0,0,0,0,1,0,0,0,0,0,0,0,0,0,0
January 2000,0,0,0,0,0,0,0,0,0,0,0,0,0,0,2,0,0,0,0,2,0,0,0,0,0,0
February 2000,0,0,0,0,0,2,0,0,0,0,0,0,0,0,1,1,0,0,0,0,1,0,0,0,0,0
March 2000,0,0,0,2,0,1,0,0,0,0,0,0,0,0,0,0,0,0,0,1,0,0,0,0,0,0
April 2000,0,0,0,0,0,0,0,0,0,0,0,0,0,0,1,1,0,0,1,1,0,0,0,0,0,0
May 2000,0,0,0,0,0,0,0,0,0,0,0,0,0,0,1,0,0,0,0,1,0,0,0,0,0,0
June 2000,1,0,0,1,0,0,0,0,0,0,0,0,0,0,0,0,0,0,0,0,0,0,0,0,1,0
July 2000,0,0,0,0,0,0,0,0,0,0,0,0,0,0,0,1,0,0,0,0,0,0,0,0,0,0
August 2000,0,0,0,0,0,0,0,0,0,0,0,0,0,0,0,0,0,1,0,0,0,0,0,0,0,0
September 2000,0,1,0,1,0,0,0,0,0,0,0,0,0,0,0,0,0,0,0,1,1,0,0,0,0,0
October 2000,0,0,0,0,0,0,0,0,0,0,1,0,0,0,0,0,0,0,0,0,0,0,0,0,0,0
November 2000,0,0,0,0,0,1,0,0,0,0,0,0,0,0,0,0,0,0,0,1,0,0,0,0,0,0
December 2000,0,1,0,0,0,1,0,0,0,0,0,0,0,0,0,0,0,0,0,1,0,0,0,0,0,0
January 2001,0,0,0,0,0,1,0,0,0,0,0,0,0,0,0,0,0,0,1,1,0,0,1,0,0,0
February 2001,0,0,0,0,0,0,0,0,0,0,0,0,0,0,0,0,0,0,0,2,0,0,0,0,0,0
March 2001,0,0,0,0,0,0,0,0,0,0,0,0,0,0,0,0,0,0,0,0,0,0,0,0,0,0
April 2001,0,0,0,1,0,0,0,0,0,0,0,0,0,0,0,0,0,0,0,0,0,0,0,0,0,0
May 2001,0,0,0,0,0,0,0,0,0,0,0,0,0,0,0,0,0,0,0,0,0,0,0,0,0,0
June 2001,0,0,0,0,0,0,0,0,0,0,0,0,0,0,0,0,0,0,0,0,0,0,0,0,0,0
July 2001,0,0,0,0,0,0,0,0,0,0,0,0,0,0,0,0,0,0,0,0,0,0,0,0,0,0
August 2001,0,0,0,1,0,0,0,0,0,0,0,0,0,0,0,0,0,0,0,0,0,0,0,0,0,0
September 2001,0,0,0,0,0,1,0,0,0,0,0,0,0,0,0,0,0,0,0,0,0,0,0,0,0,0
October 2001,0,0,0,0,0,0,0,0,0,0,0,0,0,0,0,0,0,0,0,0,0,0,0,0,0,0
November 2001,0,0,0,0,0,0,0,0,0,0,0,0,0,0,0,0,0,0,0,0,0,0,0,0,0,0
December 2001,0,0,0,0,0,0,0,0,0,0,0,0,0,1,0,0,0,0,0,0,0,0,0,0,0,0
January 2002,0,0,0,1,0,0,0,0,0,0,0,0,0,0,0,0,0,0,0,0,0,0,0,0,0,0
February 2002,0,0,0,1,0,0,0,0,0,0,0,0,0,0,1,0,0,0,0,2,0,0,0,0,0,0
March 2002,0,0,0,2,0,0,0,0,0,0,0,0,0,0,1,0,0,0,0,0,0,0,0,0,2,0
April 2002,0,0,0,2,0,1,0,0,0,0,0,0,0,0,0,0,0,1,2,2,0,0,0,0,0,0
May 2002,0,0,0,3,0,0,0,0,0,0,0,0,0,1,1,0,0,0,3,6,0,1,0,0,0,0
June 2002,0,0,1,5,1,1,0,0,0,0,1,0,0,0,0,1,0,0,1,4,0,0,0,0,0,0
July 2002,1,0,0,1,0,0,1,0,0,0,0,0,0,0,1,0,0,0,0,5,0,0,0,0,0,0
August 2002,0,0,0,2,0,0,0,0,0,0,0,1,0,0,1,0,0,0,0,3,0,0,0,0,1,0
September 2002,0,0,0,2,0,0,0,0,0,0,0,0,0,0,1,1,0,0,0,0,0,0,0,0,0,0
October 2002,0,0,0,3,0,0,0,0,0,0,1,0,0,0,1,1,0,0,0,0,0,0,0,0,0,0
November 2002,0,0,0,5,2,1,0,0,0,1,0,0,0,0,0,0,0,0,2,3,0,0,0,0,0,0
December 2002,0,0,0,5,0,0,0,0,0,1,0,0,0,0,0,1,0,0,0,1,0,0,0,0,0,0
January 2003,0,0,0,10,1,1,0,0,0,0,0,0,0,0,1,0,0,0,0,3,0,0,0,0,0,0
February 2003,0,0,0,15,0,0,0,0,0,0,0,0,0,1,0,0,0,0,1,5,0,0,0,0,0,0
March 2003,0,0,0,19,0,0,0,0,0,0,0,1,0,0,0,1,0,0,2,1,0,0,0,0,1,0
April 2003,0,0,0,7,0,0,0,0,0,0,0,0,0,0,0,0,0,0,0,0,0,0,2,0,0,0
May 2003,0,0,0,5,0,0,0,0,0,0,0,0,0,0,0,1,0,0,1,1,0,0,0,0,0,0
June 2003,0,0,0,5,0,0,0,0,0,0,0,0,0,1,1,0,0,1,2,1,0,0,0,0,0,0
July 2003,0,0,1,2,0,0,1,0,0,1,0,1,0,1,0,0,0,0,2,0,0,0,0,0,0,0
August 2003,0,0,0,0,0,0,0,0,0,0,0,0,0,0,1,0,0,0,1,0,1,0,0,0,0,0
September 2003,0,0,0,0,0,0,0,0,0,0,0,0,0,0,0,0,0,0,1,0,0,0,0,0,0,0
October 2003,0,0,0,2,0,0,0,0,0,0,0,0,0,1,0,0,0,0,0,1,0,0,0,0,0,0
November 2003,0,1,0,2,1,0,0,0,0,1,0,0,0,1,0,0,0,0,0,0,0,0,0,0,0,0
December 2003,0,0,0,2,0,0,0,0,0,0,0,0,0,0,0,0,0,1,0,1,0,0,0,0,0,0
January 2004,0,0,1,10,0,0,0,0,0,1,0,0,0,0,0,0,0,0,0,0,0,0,0,0,0,1
February 2004,0,0,0,13,3,3,0,0,0,0,0,0,0,0,0,1,0,0,3,1,0,0,0,0,0,0
March 2004,0,0,0,5,1,2,0,0,0,1,0,0,0,0,1,1,0,2,3,1,1,1,2,0,0,1
April 2004,0,0,0,6,0,0,0,0,0,0,0,0,0,0,1,1,0,0,2,0,0,0,2,0,0,0
May 2004,0,0,0,9,0,0,0,0,0,0,0,0,0,0,0,1,0,0,0,0,0,0,1,0,2,0
June 2004,0,0,0,6,0,2,0,0,0,0,0,1,0,0,0,0,0,0,0,0,0,1,0,0,1,0
July 2004,0,0,0,4,0,0,0,0,0,1,0,0,0,0,0,0,0,0,0,2,0,0,1,0,0,0
August 2004,0,0,0,3,0,0,0,1,0,0,0,0,0,0,0,0,0,0,0,0,0,0,0,0,0,0
September 2004,0,0,0,3,0,0,0,0,0,0,0,0,0,0,0,0,0,1,2,0,0,0,0,0,0,0
October 2004,0,0,0,0,0,0,0,0,0,0,0,0,0,0,1,2,0,0,1,1,0,0,0,0,0,0
November 2004,0,0,0,1,0,0,0,0,0,0,0,1,0,0,0,2,0,0,0,0,0,1,0,0,0,0
December 2004,0,0,0,4,0,0,0,0,0,1,0,0,0,0,0,0,0,0,0,0,0,0,0,0,0,0
January 2005,0,0,1,5,0,1,0,0,0,0,0,0,0,1,1,0,0,0,0,4,0,0,1,0,1,1
February 2005,1,0,0,7,0,0,0,0,0,0,0,0,0,0,3,0,0,0,3,0,0,0,0,0,0,0
March 2005,0,0,0,7,0,1,0,0,0,1,0,0,0,0,0,0,0,0,1,0,0,0,0,0,0,0
April 2005,0,0,0,6,0,2,0,0,0,0,0,0,0,0,0,1,0,0,1,0,0,0,0,0,0,0
May 2005,0,0,0,2,1,0,0,0,0,0,0,0,0,1,0,0,0,0,3,0,0,0,0,0,1,1
June 2005,0,0,0,2,0,0,0,0,0,1,0,0,0,0,0,0,0,0,1,3,0,0,0,0,1,0
July 2005,0,0,0,3,0,0,0,0,0,0,0,0,0,0,0,0,0,0,0,0,0,0,0,0,0,0
August 2005,0,0,0,1,0,1,0,0,0,0,0,0,0,0,1,0,0,0,2,2,0,0,0,0,0,0
September 2005,0,0,0,0,0,0,0,0,0,0,0,0,0,0,0,0,1,0,3,0,0,0,0,0,0,0
October 2005,0,0,0,3,1,0,0,0,0,0,0,0,0,0,0,0,0,0,0,0,0,0,0,0,0,0
November 2005,0,0,0,2,0,0,0,0,0,0,0,0,0,0,0,0,1,0,1,0,0,0,0,0,0,0
December 2005,0,1,0,3,1,0,0,0,0,0,0,0,0,0,1,0,0,0,0,2,0,0,0,0,0,1
January 2006,1,0,0,2,0,0,0,0,0,0,0,0,0,0,1,0,0,1,4,1,0,0,0,0,1,2
February 2006,0,0,0,1,0,0,0,0,0,1,0,0,0,1,3,0,0,0,4,1,0,0,0,0,0,0
March 2006,0,0,0,1,0,0,0,0,0,1,0,0,0,0,1,0,1,0,2,1,1,0,0,0,0,0
April 2006,0,0,0,2,0,0,0,0,0,0,0,0,0,3,0,1,0,0,1,0,0,0,0,0,0,0
May 2006,0,1,0,3,0,0,0,0,0,0,0,0,0,0,0,1,0,0,0,2,0,1,0,0,0,0
June 2006,0,1,0,7,1,1,1,0,0,1,0,0,0,0,0,0,0,0,0,1,0,0,0,0,0,0
July 2006,0,0,1,2,0,0,0,0,0,0,0,0,0,1,0,0,0,0,1,0,0,0,0,0,0,0
August 2006,0,0,0,1,0,1,0,0,0,0,0,0,0,0,0,0,0,1,0,0,0,0,0,0,0,0
September 2006,0,0,0,2,0,0,0,0,0,0,0,0,0,1,0,1,0,0,0,2,0,0,0,0,0,1
October 2006,0,0,0,3,0,0,0,0,0,0,0,0,0,0,1,0,0,0,0,1,0,0,0,0,1,0
November 2006,0,0,0,2,0,0,0,0,0,0,0,0,0,0,2,0,0,0,0,1,0,0,0,0,0,0
December 2006,0,0,0,2,0,0,0,0,0,0,0,0,0,0,1,0,0,1,0,1,0,0,0,0,0,0
January 2007,0,0,0,2,1,0,0,0,0,0,0,0,0,0,1,0,0,1,1,1,0,0,0,0,0,1
February 2007,0,0,0,2,0,0,0,0,0,1,0,0,0,1,1,0,0,1,0,2,0,0,1,0,0,0
March 2007,0,0,0,0,1,0,0,0,0,0,0,0,0,0,0,1,0,1,6,2,0,0,0,0,0,1
April 2007,0,0,1,2,0,1,0,0,0,2,0,0,0,0,0,0,0,1,0,1,0,1,1,0,0,1
May 2007,0,0,0,0,0,1,0,0,0,0,0,0,0,0,1,0,0,0,1,0,0,1,0,0,1,0
June 2007,0,0,0,2,0,1,0,0,0,0,0,0,0,1,0,0,0,2,3,1,0,0,0,0,0,2
July 2007,0,0,0,3,0,1,0,0,0,0,0,0,0,0,0,0,0,0,0,0,1,1,0,0,0,0
August 2007,0,0,0,1,0,0,0,0,0,0,0,0,0,0,0,0,0,1,1,0,0,0,0,0,0,0
September 2007,0,0,0,0,0,0,0,0,0,0,0,0,0,0,0,1,0,0,0,1,1,0,0,0,0,0
October 2007,0,0,0,1,1,1,0,0,0,0,0,0,0,0,1,1,0,0,1,1,0,1,0,0,0,0
November 2007,0,0,0,0,1,1,0,0,0,0,0,0,0,1,1,0,0,0,0,1,0,0,0,0,0,0
December 2007,0,0,0,2,0,0,0,0,0,0,0,0,0,0,0,0,0,0,0,0,0,1,0,0,0,0
January 2008,1,0,0,2,1,1,0,0,0,0,0,0,0,0,1,1,0,1,1,0,0,0,0,0,0,0
February 2008,0,0,0,4,0,0,0,0,0,0,0,0,0,1,0,0,0,1,0,0,0,0,0,0,0,0
March 2008,0,0,0,3,1,1,0,0,0,0,1,0,0,1,0,0,0,1,1,1,0,0,1,0,0,0
April 2008,0,0,0,4,0,1,0,0,0,0,0,1,0,0,0,1,0,2,0,0,0,0,0,0,1,0
May 2008,0,0,0,0,0,0,0,0,0,0,0,0,0,1,1,1,0,2,3,1,1,1,0,0,0,0
June 2008,0,0,0,0,0,0,0,0,0,0,0,1,0,0,0,4,0,0,0,0,1,0,1,0,1,0
July 2008,0,0,0,3,0,0,0,0,0,0,0,1,0,1,0,1,0,0,1,0,0,0,0,0,0,0
August 2008,0,0,0,1,0,1,0,0,0,0,0,0,0,0,1,0,0,0,1,0,0,0,0,0,0,1
September 2008,0,0,0,3,0,0,0,1,0,0,0,0,0,1,0,0,0,1,0,1,0,0,0,0,0,0
October 2008,0,0,0,3,0,0,0,0,0,0,0,0,0,0,0,1,0,0,1,1,0,2,0,0,0,0
November 2008,0,0,0,0,1,0,0,0,0,0,0,0,0,0,0,3,0,0,1,0,0,0,0,0,0,0
December 2008,0,0,0,0,0,1,0,0,0,0,0,0,0,0,0,1,0,0,0,0,0,0,0,0,1,0
January 2009,0,0,0,1,0,1,0,0,0,0,0,0,0,1,1,1,0,0,2,0,0,2,0,0,1,0
February 2009,0,0,0,1,0,1,0,0,0,0,0,0,0,0,0,1,0,1,1,2,0,0,1,0,0,0
March 2009,0,1,0,5,0,0,0,0,0,1,0,0,0,0,1,1,0,0,1,1,0,0,0,0,0,0
April 2009,1,0,0,3,0,2,0,0,0,0,0,1,0,0,1,1,0,2,1,0,0,0,0,0,0,0
May 2009,0,0,0,3,0,0,0,0,0,0,0,0,0,0,0,0,0,1,0,0,0,1,1,0,0,0
June 2009,0,2,0,5,0,0,0,0,0,0,1,1,0,0,0,0,0,0,0,1,0,0,0,0,0,0
July 2009,0,0,0,0,0,0,0,0,0,0,0,0,0,0,1,0,0,0,1,0,1,0,0,0,1,1
August 2009,0,0,0,2,0,1,0,0,0,0,0,0,0,0,3,1,0,0,1,0,0,0,0,0,0,2
September 2009,0,0,0,0,0,0,0,0,0,0,0,0,0,0,0,1,0,0,0,0,0,0,0,0,1,1
October 2009,0,0,0,0,0,0,0,0,0,0,0,1,0,1,0,0,1,0,1,0,0,0,0,0,0,0
November 2009,0,1,0,0,0,0,1,0,0,0,0,0,0,0,0,0,0,0,0,1,0,1,1,0,0,0
December 2009,0,1,0,1,0,0,0,0,0,0,0,0,0,0,2,0,0,1,0,0,0,0,0,0,0,0
January 2010,0,0,0,0,0,1,2,0,0,0,1,0,0,1,5,0,0,0,2,0,0,0,0,0,1,0
February 2010,0,0,0,2,0,0,0,0,0,1,1,1,0,0,1,0,0,1,0,1,0,0,0,0,0,2
March 2010,1,0,0,1,0,1,1,0,0,0,0,0,0,1,3,1,0,1,1,0,0,0,1,0,0,0
April 2010,0,2,0,5,1,0,1,0,0,0,0,0,0,1,1,1,0,1,1,1,1,0,1,0,3,2
May 2010,0,0,0,1,0,0,0,0,0,0,0,0,0,1,4,2,0,0,3,0,0,0,0,0,1,0
June 2010,0,1,0,1,0,2,1,1,0,0,1,0,0,0,1,3,0,0,3,0,0,1,0,0,3,0
July 2010,0,0,0,0,0,0,1,0,0,0,0,1,0,0,1,0,0,0,0,0,0,0,0,0,0,0
August 2010,0,0,0,1,0,0,1,0,0,0,0,0,0,0,1,0,0,1,1,0,0,1,0,0,0,1
September 2010,1,1,0,0,0,1,0,0,0,0,1,1,0,0,2,0,0,0,0,1,1,1,1,0,0,1
October 2010,0,0,0,0,1,0,0,0,1,0,0,0,0,0,1,0,0,0,2,0,0,0,0,0,0,1
November 2010,0,0,0,1,1,1,1,0,0,0,0,0,0,0,1,0,0,0,1,0,0,0,0,0,1,1
December 2010,0,1,0,0,0,0,0,0,0,0,0,0,0,1,0,1,0,1,1,1,0,1,1,0,1,0
January 2011,1,0,0,3,0,0,2,0,0,0,0,0,0,2,1,1,0,0,1,0,0,0,0,0,0,2
February 2011,0,1,0,0,0,1,0,0,0,0,0,0,0,1,0,0,0,0,0,1,1,0,1,0,0,0
March 2011,0,0,0,1,0,0,0,0,0,0,0,0,0,0,0,0,0,0,2,2,0,1,0,0,1,3
April 2011,0,0,0,1,1,0,0,0,0,0,1,0,0,0,1,1,0,0,4,3,0,0,2,0,1,0
May 2011,0,0,0,1,1,0,1,0,0,0,0,0,0,1,0,3,1,0,1,0,0,0,1,0,0,0
June 2011,0,1,0,4,1,2,0,0,0,0,1,1,0,0,1,0,0,0,2,0,0,0,0,0,0,0
July 2011,0,0,0,0,0,0,0,0,0,0,0,0,0,1,0,1,0,0,1,2,0,0,0,0,0,0
August 2011,0,0,0,1,0,0,0,0,0,0,0,0,0,1,0,1,0,0,0,0,0,1,0,0,0,1
September 2011,0,0,0,1,0,0,0,0,0,0,0,0,0,1,0,1,0,0,0,0,0,0,0,0,0,1
October 2011,1,0,0,1,0,0,0,0,0,1,0,0,0,0,0,1,0,1,2,0,1,0,0,0,1,1
November 2011,0,1,0,0,0,0,0,0,0,1,0,0,0,0,0,0,0,0,2,0,0,0,0,0,0,0
December 2011,0,0,0,0,0,0,0,0,0,0,0,0,0,0,1,0,0,0,1,0,0,1,0,0,0,0
January 2012,1,0,0,1,0,0,1,0,0,0,1,0,0,2,1,1,0,0,5,0,1,0,0,0,0,1
February 2012,0,0,0,0,0,2,2,0,0,1,0,0,0,1,2,1,0,0,3,0,0,0,0,0,1,1
March 2012,0,1,0,1,0,0,0,0,0,0,0,0,0,0,1,2,0,1,3,0,0,0,0,0,0,1
April 2012,0,0,1,0,0,0,0,0,0,0,0,0,0,0,0,0,0,0,2,0,1,0,0,0,1,0
May 2012,0,1,0,1,0,1,2,0,0,1,0,0,0,0,0,1,0,0,1,0,1,0,0,0,0,0
June 2012,0,0,0,0,0,1,0,0,0,0,0,1,0,1,1,1,0,0,0,0,0,0,0,0,0,0
July 2012,0,0,0,0,0,0,0,0,0,0,0,0,0,0,0,0,1,0,0,0,0,0,0,0,0,1
August 2012,0,0,0,2,0,0,1,0,0,1,0,0,0,0,1,1,0,0,1,0,1,0,0,0,0,1
September 2012,0,0,0,1,0,0,1,0,0,0,0,0,0,1,0,1,0,1,1,0,1,0,0,0,0,0
October 2012,0,1,0,0,0,1,1,0,0,0,0,0,0,0,0,1,0,0,4,0,0,0,1,0,0,0
November 2012,0,0,0,3,0,0,0,0,0,0,1,1,0,1,1,0,0,1,1,0,0,0,0,0,0,0
December 2012,1,0,0,2,0,0,0,0,0,1,0,0,0,0,2,0,0,0,2,1,0,0,0,0,0,0
January 2013,0,0,0,1,0,0,0,0,0,1,1,0,0,0,3,2,0,0,6,1,0,0,0,0,0,0
February 2013,0,1,0,0,0,0,0,0,0,0,0,0,0,0,1,0,0,0,4,0,1,0,0,0,0,0
March 2013,0,0,0,1,0,0,1,0,0,0,0,0,0,1,2,1,0,0,2,0,1,1,0,0,0,1
April 2013,0,0,0,1,0,0,1,0,0,1,0,0,0,0,4,1,0,2,2,0,1,0,0,0,0,0
May 2013,1,0,0,2,0,1,0,0,0,2,1,0,0,0,1,0,0,0,4,0,0,0,0,0,0,0
June 2013,0,0,0,1,0,1,0,0,0,0,1,0,0,0,1,1,1,0,0,0,0,0,0,0,0,3
July 2013,0,1,0,2,0,0,0,0,0,0,0,0,0,0,0,0,0,0,0,0,1,0,0,0,0,1
August 2013,0,0,0,0,0,0,0,0,0,0,1,0,0,0,1,2,0,0,1,0,0,0,0,0,0,0
September 2013,0,0,0,2,2,0,0,0,0,0,0,0,0,0,2,1,0,0,2,0,2,0,0,0,0,0
October 2013,0,0,0,4,0,0,0,0,0,0,0,0,0,0,3,0,0,1,0,0,1,0,0,0,0,0
November 2013,0,0,0,1,0,1,0,0,0,1,0,0,0,1,1,1,0,1,0,1,0,0,0,0,0,0
December 2013,0,0,0,2,0,1,0,0,0,0,0,0,0,0,0,0,0,1,0,0,0,0,0,0,0,0
January 2014,0,0,0,2,0,0,0,1,0,0,1,0,0,0,2,1,0,0,4,0,0,0,0,0,0,0
February 2014,0,0,0,0,1,0,0,0,0,0,0,0,0,1,4,0,1,0,2,0,0,0,0,0,2,0
March 2014,0,0,0,4,1,0,0,0,0,0,0,0,0,0,3,1,0,1,3,1,1,0,0,0,1,0
April 2014,0,0,0,1,0,0,0,0,0,0,0,0,0,0,1,1,0,1,2,0,0,0,0,0,0,0
May 2014,0,0,0,4,0,1,0,0,0,2,0,0,0,0,2,0,1,0,3,0,0,2,0,0,0,0
June 2014,0,0,0,1,0,1,0,0,0,2,0,0,0,0,1,2,0,0,0,0,1,0,0,0,1,0
July 2014,0,0,0,0,0,0,0,0,0,0,0,1,0,0,0,0,0,1,2,0,0,0,0,0,0,0
August 2014,0,0,0,0,0,0,0,0,0,0,1,0,0,0,1,2,0,1,2,0,0,0,0,0,0,0
September 2014,0,0,0,3,0,1,0,0,0,0,0,1,0,0,3,1,0,0,2,0,0,0,0,0,0,0
October 2014,0,0,0,2,1,0,0,0,0,0,0,0,0,0,2,0,0,0,1,0,0,0,0,0,0,0
November 2014,0,0,0,2,0,1,0,0,0,1,0,0,0,0,1,0,0,0,2,0,0,0,0,0,1,0
December 2014,0,0,0,1,0,0,0,0,0,0,0,0,0,0,1,1,0,0,0,0,0,0,0,0,1,1
January 2015,0,1,0,5,0,0,0,0,0,1,1,1,0,1,2,0,0,0,5,0,0,0,1,0,1,1
February 2015,0,1,0,3,0,0,0,0,0,0,0,0,0,1,2,2,0,0,1,1,0,0,0,0,2,2
March 2015,0,0,0,3,1,0,0,1,0,1,0,0,0,0,2,0,1,3,5,0,0,1,0,0,2,0
April 2015,0,0,0,1,0,0,0,0,0,0,0,1,0,0,2,1,0,0,2,0,1,0,1,0,2,0
May 2015,0,1,0,6,0,0,0,0,0,1,1,2,0,1,1,3,0,0,0,0,1,0,1,0,2,0
June 2015,0,1,0,1,0,0,0,0,0,0,0,0,0,0,1,0,0,1,2,0,0,0,0,0,0,0
July 2015,0,1,0,5,0,0,3,0,0,0,0,0,0,0,1,0,0,1,0,0,0,0,0,0,1,0
August 2015,0,0,0,2,0,1,0,0,0,0,1,0,0,0,0,0,0,0,1,0,0,0,0,0,0,1
September 2015,0,1,0,0,0,0,0,0,0,0,1,0,0,0,1,0,0,0,1,0,1,0,0,0,3,2
October 2015,1,0,0,1,0,0,1,0,0,1,0,0,0,0,5,1,0,0,1,0,1,0,0,0,2,0
November 2015,0,1,0,2,0,0,2,0,0,1,0,0,0,0,0,0,0,1,3,1,1,0,0,0,0,1
December 2015,0,0,0,2,0,0,1,0,0,1,0,0,0,0,1,0,0,0,3,0,0,1,0,0,1,1
January 2016,1,0,0,3,1,1,0,0,0,1,0,0,0,0,3,2,1,1,1,0,2,0,2,0,3,0
February 2016,0,0,0,1,0,1,2,0,0,2,0,0,0,0,1,0,0,0,1,4,0,0,0,0,3,1
March 2016,0,0,0,9,0,0,1,0,0,0,0,0,0,0,0,0,0,1,1,0,1,1,0,0,2,0
April 2016,1,1,0,2,0,0,0,0,0,0,0,0,0,0,2,0,0,0,1,0,0,0,1,0,1,0
May 2016,0,1,0,1,0,0,1,0,0,0,0,1,0,2,1,1,0,0,1,0,2,0,2,0,0,0
June 2016,0,0,0,2,0,0,0,0,0,0,0,0,0,0,2,1,0,2,2,0,0,0,0,0,0,0
July 2016,0,0,0,1,0,0,0,0,0,1,0,0,0,0,0,1,0,0,0,0,0,0,1,0,0,0
August 2016,0,0,0,0,0,0,1,0,0,0,0,0,0,0,2,1,0,0,0,0,0,0,0,0,0,0
September 2016,0,0,0,2,1,1,0,0,0,1,0,1,0,1,1,0,0,0,0,0,0,1,0,0,2,0
October 2016,0,1,0,4,0,0,0,0,0,1,0,0,0,0,0,0,0,0,0,0,0,0,0,0,1,0
November 2016,0,0,0,2,0,0,0,0,0,0,0,0,0,0,0,0,0,0,2,0,3,1,0,0,0,0
December 2016,0,1,0,5,2,0,1,0,0,1,0,1,0,0,1,0,0,0,0,1,0,0,1,0,1,0
January 2017,0,0,1,7,1,0,1,0,0,0,0,0,0,0,0,0,0,1,2,0,1,2,0,0,0,1
February 2017,0,0,0,3,0,1,0,0,0,1,0,0,0,1,0,2,0,0,1,1,0,0,0,0,0,0
March 2017,0,0,0,5,0,0,0,0,0,1,0,0,0,0,1,1,1,0,0,0,0,0,1,0,2,0
April 2017,0,0,0,0,0,1,0,0,0,1,0,0,0,0,1,1,0,0,0,0,0,0,0,0,2,0
May 2017,0,0,0,1,1,0,1,0,0,1,0,0,0,0,0,0,0,1,1,0,0,0,1,0,1,0
June 2017,1,0,0,1,0,2,0,0,0,0,0,0,0,0,1,2,1,1,3,1,1,0,1,0,1,0
July 2017,0,0,0,0,0,0,0,0,0,0,1,0,0,0,0,0,0,0,2,0,0,1,0,0,1,0
August 2017,1,1,0,5,0,1,1,0,0,0,0,0,0,0,0,3,0,0,1,0,0,1,0,0,1,0
September 2017,0,1,0,1,1,0,0,0,0,0,0,0,0,0,0,1,0,1,0,0,1,0,0,0,1,0
October 2017,0,0,0,3,0,0,0,0,0,0,0,0,0,0,1,0,0,0,0,0,0,2,0,0,0,0
November 2017,0,0,0,7,0,1,1,0,0,0,0,0,0,0,1,0,0,0,1,0,1,0,0,0,3,0
December 2017,0,0,0,0,0,0,0,0,0,0,1,0,0,0,0,1,0,1,1,1,0,0,2,0,1,0
January 2018,0,0,0,3,0,0,0,0,0,0,0,1,0,0,1,0,0,1,2,0,0,0,1,0,0,0
February 2018,1,0,0,3,0,1,0,0,0,0,0,0,0,0,1,1,0,0,1,2,0,0,0,0,1,1
March 2018,2,0,0,4,0,0,0,1,0,1,0,0,0,2,2,1,0,2,2,0,0,0,0,0,2,0
April 2018,2,0,0,2,0,0,0,0,0,0,1,1,0,2,1,3,0,0,2,0,0,1,0,0,1,0
May 2018,0,0,0,4,0,1,0,0,0,0,0,0,0,0,0,1,0,0,2,0,0,0,1,0,1,0
June 2018,0,0,0,3,0,0,0,0,0,1,0,0,0,0,2,0,1,1,1,0,1,0,0,0,3,0
July 2018,0,0,0,0,0,0,0,0,0,0,0,2,0,0,1,0,0,0,1,0,0,1,0,0,1,0
August 2018,0,0,0,1,0,0,0,0,0,0,0,1,0,0,0,2,0,0,3,1,0,0,0,0,0,0
September 2018,1,1,0,1,0,0,0,0,0,1,0,0,0,0,0,1,1,0,2,0,0,0,1,0,1,0
October 2018,0,0,0,2,0,0,0,0,0,0,1,0,0,1,0,1,0,0,0,0,0,0,0,0,0,0
November 2018,0,1,0,1,0,0,0,0,0,1,0,2,0,1,1,1,0,0,1,0,0,0,1,0,0,1
December 2018,0,0,0,3,1,0,1,0,0,0,1,0,0,0,1,1,0,0,0,0,2,0,1,0,0,0
January 2019,0,1,0,3,0,0,1,0,0,1,1,1,0,1,2,4,0,1,2,2,3,0,0,0,2,0
February 2019,0,0,0,2,0,0,0,0,0,0,0,0,0,0,0,0,0,1,5,1,1,0,0,0,0,1
March 2019,1,0,0,2,0,0,2,0,0,0,0,2,0,0,4,0,0,1,2,0,2,0,3,0,4,0
April 2019,0,1,0,1,0,0,1,0,0,0,1,0,0,0,0,0,0,1,1,0,2,1,0,0,1,1
May 2019,0,0,0,8,0,0,1,0,1,0,1,0,0,2,1,2,0,0,2,0,1,0,0,0,0,1
June 2019,0,0,0,2,0,0,1,0,0,1,0,0,0,0,1,1,0,1,1,1,0,0,0,0,2,0
July 2019,0,0,0,4,0,0,0,0,0,0,1,0,0,0,0,1,0,2,1,1,0,0,0,0,2,0
August 2019,0,1,0,2,0,0,0,0,0,0,0,0,0,0,2,1,0,0,0,1,0,0,0,0,0,0
September 2019,0,1,0,1,0,0,0,0,0,1,0,0,0,0,1,3,0,0,0,0,0,0,1,0,0,0
October 2019,0,0,0,3,0,0,0,0,0,0,0,0,0,0,1,1,0,0,1,0,0,0,0,0,1,0
November 2019,0,0,0,0,0,0,0,0,0,2,1,0,0,0,0,1,0,0,1,1,0,0,1,0,0,0
December 2019,0,0,0,1,0,1,0,0,0,0,0,0,0,0,1,1,0,0,2,0,1,0,1,0,1,0
January 2020,0,0,0,2,0,0,0,0,0,0,0,0,0,4,0,0,0,0,2,2,0,1,0,0,4,1
February 2020,0,0,1,2,0,0,0,0,0,0,0,0,0,1,1,5,0,1,2,0,0,0,0,0,0,0
March 2020,0,0,0,2,0,0,0,0,0,1,0,0,0,1,2,3,0,1,3,2,0,0,0,0,0,0
April 2020,1,0,0,0,1,1,0,0,0,1,0,0,0,1,1,0,0,0,2,0,1,0,0,0,0,1
May 2020,0,1,0,3,0,0,0,0,0,0,0,0,0,0,0,2,0,0,0,1,0,1,0,0,0,1
June 2020,0,0,0,2,0,1,0,0,0,0,0,0,0,0,2,0,0,1,3,0,0,0,0,0,0,0
July 2020,0,0,0,2,0,1,1,0,0,0,1,0,0,0,0,1,0,0,0,0,0,0,0,0,1,0
August 2020,0,0,0,3,0,1,0,0,0,0,1,0,0,1,0,0,0,0,1,0,0,0,0,0,0,0
September 2020,1,0,1,0,0,0,0,0,0,1,0,0,0,0,0,1,0,1,0,0,0,1,0,0,0,1
October 2020,0,0,0,6,0,0,0,0,0,1,1,1,0,0,2,2,0,0,4,1,2,0,0,0,0,2
November 2020,0,0,0,1,0,0,0,0,0,1,0,0,0,1,0,4,0,0,2,0,0,0,0,0,0,1
December 2020,0,0,0,1,0,0,0,0,0,0,1,0,0,0,1,4,0,0,1,1,0,1,0,0,0,4
January 2021,0,1,0,2,0,0,0,0,0,0,0,0,0,0,3,6,0,1,3,0,0,1,0,0,1,1
February 2021,0,0,0,0,0,0,1,0,0,1,0,0,0,0,2,4,0,0,3,1,0,0,0,0,0,1
March 2021,0,0,0,0,0,0,0,0,0,2,0,0,0,1,2,1,0,0,3,0,0,1,0,0,0,0
April 2021,0,0,0,3,0,0,0,0,0,1,1,0,0,1,1,3,0,0,1,0,0,1,0,0,1,1
May 2021,1,0,0,2,0,0,0,0,0,1,0,0,0,0,3,0,0,0,2,0,0,0,0,0,0,1
June 2021,0,1,0,1,0,2,1,0,0,0,0,0,0,0,4,1,0,0,1,0,0,0,0,0,1,1
July 2021,1,0,0,1,1,0,0,0,0,1,0,0,0,0,0,3,0,0,1,0,0,1,0,0,0,0
August 2021,0,0,0,2,1,0,0,0,0,0,0,0,0,0,0,1,0,0,0,0,0,0,0,0,0,0
September 2021,0,0,0,2,0,0,0,0,0,1,0,0,0,0,0,2,0,0,1,0,0,0,0,0,0,0
October 2021,0,0,0,3,0,0,0,0,0,0,2,0,0,0,0,0,0,0,2,0,0,0,0,0,1,1
November 2021,1,0,0,1,0,0,0,0,0,0,1,0,0,0,2,1,0,0,1,1,0,0,0,0,0,1
December 2021,1,1,0,1,0,0,0,0,0,0,0,0,0,1,0,3,0,0,2,1,0,0,0,0,1,0
